id;is_active;user_name;user_role;question_set_id;others;last_complete_test;last_in_complete_test
1;false;withdrawal primary;synthesize Bosnia and Herzegovina;93993;disintermediate;2021-08-08T07:22:59;2021-08-07T19:01:13
2;false;Virtual;aggregate;64978;withdrawal;2021-08-08T08:01:20;2021-08-07T17:42:50
3;true;enhance;black matrix Generic Steel Keyboard;11145;withdrawal;2021-08-07T14:33:16;2021-08-07T17:31:15
4;true;Credit Card Account Borders;USB innovative HTTP;15265;invoice Tuna;2021-08-07T22:45:20;2021-08-08T01:42:03
5;false;JBOD;Shirt innovate Adaptive;76042;directional;2021-08-08T09:59:09;2021-08-07T13:16:36
6;true;compressing;Concrete connecting;59202;Reunion Granite e-business;2021-08-07T19:06:26;2021-08-07T12:24:04
7;true;withdrawal;JSON Bedfordshire Representative;21618;Guinea-Bissau;2021-08-07T21:32:57;2021-08-07T15:12:55
8;false;Steel Checking Account invoice;Lempira compress;29484;relationships indigo Cotton;2021-08-08T07:54:16;2021-08-08T06:27:17
9;true;Cedi;Frozen Wooden Harbor;52131;granular;2021-08-07T13:30:24;2021-08-07T13:27:14
10;false;hard drive Zambian Kwacha;Tuna;26364;best-of-breed Books Human;2021-08-07T13:15:59;2021-08-07T14:33:07
